Service Category 1;Category;Subcategory;Project/Program Name;Multi-Year Capital Budgets - Previously Approved;Multi-Year Capital Budgets – 2021;Multi-Year Capital Budgets - Total Open Project Budget;Annual Capital Expenditure Budgets – 2021;Annual Capital Expenditure Budgets – 2022 Forecast;Annual Capital Expenditure Budgets – 2023 Forecast;Annual Capital Expenditure Budgets – 2024 Forecast;Annual Capital Expenditure Budgets – 2025 Forecast
Affordable Housing;SROs;SROs;Single Room Occupancy (SRO) Grants - Privately owned SRO stock;2000000.0;0.0;2000000.0;1800000.0;0.0;0.0;0.0;0.0
Affordable Housing;Supportive Housing;Supportive Housing;2019-2022 Supportive Housing Grant Program;450000.0;0.0;450000.0;390000.0;0.0;0.0;0.0;0.0
Affordable Housing;Non-Market Rental (Social Housing & Other);City-Owned & City-Operated;2019-2022 Capital Maintenance - Non-Market Housing;374000.0;0.0;374000.0;110183.0;0.0;0.0;0.0;0.0
Affordable Housing;Non-Market Rental (Social Housing & Other);City-Owned & City-Operated;2019-2022 Capital Maintenance - Non-Market Housing Facilities;400000.0;3280000.0;3680000.0;892976.0;2630000.0;0.0;0.0;0.0
Affordable Housing;Non-Market Rental (Social Housing & Other);City-Owned & City-Operated;2019-2022 Furniture, Fixtures and Equipments for Non-Market Housing;250000.0;0.0;250000.0;20774.0;0.0;0.0;0.0;0.0
Affordable Housing;Non-Market Rental (Social Housing & Other);City-Owned & City-Operated;Replacement of City-Operated Housing Residences;6500000.0;0.0;6500000.0;3250000.0;3250000.0;0.0;0.0;0.0
Affordable Housing;Non-Market Rental (Social Housing & Other);City-Owned & Partner-Operated;Little Mountain Neighbourhood House: Housing;0.0;11300000.0;11300000.0;1400000.0;3700000.0;2000000.0;2100000.0;2100000.0
Affordable Housing;Non-Market Rental (Social Housing & Other);Non-City Housing On City-Owned Land;Contribution for Social Housing Site (Nov 2017);13300000.0;0.0;13300000.0;13234897.0;0.0;0.0;0.0;0.0
Affordable Housing;Non-Market Rental (Social Housing & Other);Non-City Housing On City-Owned Land;Land Acquisition - March 2016;4000000.0;0.0;4000000.0;4000000.0;0.0;0.0;0.0;0.0
Affordable Housing;Non-Market Rental (Social Housing & Other);Non-City Housing On City-Owned Land;Purchase of 1050 Expo Boulevard;2670202.0;0.0;2670202.0;2670202.0;0.0;0.0;0.0;0.0
Affordable Housing;Non-Market Rental (Social Housing & Other);Non-City Housing On City-Owned Land;Remediation - Land Acquisition 2 (Mar 2016);20000.0;0.0;20000.0;20000.0;0.0;0.0;0.0;0.0
Affordable Housing;Non-Market Rental (Social Housing & Other);Non-City Housing On City-Owned Land;Vancouver Affordable Housing Agency - New Rental Housing Units;16700000.0;0.0;16700000.0;16700000.0;0.0;0.0;0.0;0.0
Affordable Housing;Non-Market Rental (Social Housing & Other);Non-City Housing On Non-City Land;2019-2022 Chinatown Housing Partnership Program;400000.0;0.0;400000.0;400000.0;0.0;0.0;0.0;0.0
Affordable Housing;Non-Market Rental (Social Housing & Other);Non-City Housing On Non-City Land;Capital Contribution - 36 Blood Alley;1600000.0;0.0;1600000.0;1600000.0;0.0;0.0;0.0;0.0
Affordable Housing;Non-Market Rental (Social Housing & Other);Non-City Housing On Non-City Land;Grant - Atira (420 Hawks);350000.0;0.0;350000.0;350000.0;0.0;0.0;0.0;0.0
Affordable Housing;Non-Market Rental (Social Housing & Other);Non-City Housing On Non-City Land;Grant - Urban Native Youth Association;500000.0;0.0;500000.0;306928.0;0.0;0.0;0.0;0.0
Affordable Housing;Implementation & Research;Implementation & Research;2015-2018 Planning & Research - Non-Market Housing;2360000.0;0.0;2360000.0;1208699.0;0.0;0.0;0.0;0.0
Childcare;Infant, Toddler & Preschool (0-4 Years Old);City-Owned;2019-2022 Renovations - Childcare Facilities (0-4 yrs);200000.0;200000.0;400000.0;349889.0;0.0;0.0;0.0;0.0
Childcare;Infant, Toddler & Preschool (0-4 Years Old);City-Owned;Childcare at Gastown Parkades;17030000.0;0.0;17030000.0;62137.0;0.0;0.0;0.0;0.0
Childcare;Infant, Toddler & Preschool (0-4 Years Old);City-Owned;Childcare at Marpole Library - Design;3500000.0;0.0;3500000.0;1500000.0;1500000.0;450000.0;0.0;0.0
Childcare;Infant, Toddler & Preschool (0-4 Years Old);City-Owned;Vancouver School Board / City Childcare Partnership Project (June 2017);9300000.0;0.0;9300000.0;4572500.0;4572500.0;0.0;0.0;0.0
Childcare;Infant, Toddler & Preschool (0-4 Years Old);City-Owned;West Fraser Lands Childcare;2500000.0;0.0;2500000.0;2425594.0;0.0;0.0;0.0;0.0
Childcare;School Age (5-12 Years Old);City-Owned;2012-2014 Vancouver School Board Community Partnership Program;194154.0;0.0;194154.0;158696.0;0.0;0.0;0.0;0.0
Parks and Open Spaces;Park Land;Park Land;Deconstruction & Greening - Park Land Acquisition June 2017;115000.0;0.0;115000.0;115000.0;0.0;0.0;0.0;0.0
Parks and Open Spaces;Park Land;Park Land;Deconstruction & Greening - Park Land Acquisition March 2018;230000.0;0.0;230000.0;141907.0;0.0;0.0;0.0;0.0
Parks and Open Spaces;Park Land;Park Land;Deconstruction & Greening - Park Land Acquisition Oct 2018;200000.0;0.0;200000.0;200000.0;0.0;0.0;0.0;0.0
Parks and Open Spaces;Park Amenities;Park Development;2015-2018 Playgrounds;3300000.0;0.0;3300000.0;25000.0;0.0;0.0;0.0;0.0
Parks and Open Spaces;Park Amenities;Park Development;2019-2022 Neighbourhood Matching Fund;100000.0;0.0;100000.0;25000.0;0.0;0.0;0.0;0.0
Parks and Open Spaces;Park Amenities;Park Development;Community Gardens - New/Improvements at Arbutus Ridge/Kerrisdale/Shaughnessy (ARKS) area;48000.0;0.0;48000.0;15378.0;0.0;0.0;0.0;0.0
Parks and Open Spaces;Park Amenities;Park Development;East Fraser Land Park Development: Area 1;900000.0;11400000.0;12300000.0;4700000.0;7600000.0;0.0;0.0;0.0
Parks and Open Spaces;Park Amenities;Park Development;New/Renewed Parks - Joyce Collingwood;200000.0;250000.0;450000.0;450000.0;0.0;0.0;0.0;0.0
Parks and Open Spaces;Park Amenities;Park Development;Queen Elizabeth Master Plan - Cambie Corridor Park Development;1150000.0;350000.0;1500000.0;715014.0;675000.0;0.0;0.0;0.0
Parks and Open Spaces;Park Amenities;Park Development;Riley Park Pavillion & Farmers Market;1800000.0;0.0;1800000.0;642528.0;1000000.0;0.0;0.0;0.0
Parks and Open Spaces;Park Amenities;Park Development;Southeast False Creek - East Park Olympic Village;1500000.0;0.0;1500000.0;500000.0;759685.0;0.0;0.0;0.0
Parks and Open Spaces;Park Amenities;Park Development;Little Mountain Neighbourhood House - New Park Construction;0.0;950000.0;950000.0;0.0;0.0;0.0;0.0;950000.0
Parks and Open Spaces;Park Amenities;Other;2019-2022 Skate and Bike Parks - New/Upgrades;800000.0;200000.0;1000000.0;812225.0;0.0;0.0;0.0;0.0
Parks and Open Spaces;Park Amenities;Planning & Overhead;Consulting for Southeast False Creek Park;600000.0;0.0;600000.0;176985.0;0.0;0.0;0.0;0.0
Parks and Open Spaces;Programmed Activity Areas;Fields;2019-2022 Renewal/Upgrades of Baseball and Softball Diamonds;246700.0;146700.0;393400.0;160590.0;0.0;0.0;0.0;0.0
Parks and Open Spaces;Programmed Activity Areas;Other Sport Amenities;Burrard Marina Upgrades;3050000.0;0.0;3050000.0;243916.0;0.0;0.0;0.0;0.0
Parks and Open Spaces;Programmed Activity Areas;Other Sport Amenities;Cambie North Project;800000.0;0.0;800000.0;617592.0;0.0;0.0;0.0;0.0
Parks and Open Spaces;Seawall & Waterfront;Waterfront & Marine Structures;2019-2022 Marine Structures (Piers, Docks, Boardwalk);2000000.0;1000000.0;3000000.0;2878521.0;0.0;0.0;0.0;0.0
Parks and Open Spaces;Seawall & Waterfront;Waterfront & Marine Structures;Marine Structures and Studies;1590000.0;0.0;1590000.0;165474.0;0.0;0.0;0.0;0.0
Parks and Open Spaces;Seawall & Waterfront;Seawall;2019-2022 Seawall Maintenance Program;750000.0;351250.0;1101250.0;751250.0;0.0;0.0;0.0;0.0
Parks and Open Spaces;Seawall & Waterfront;Seawall;Stanley Park Waterfront and Seawall;4520000.0;0.0;4520000.0;25000.0;0.0;0.0;0.0;0.0
Parks and Open Spaces;Seawall & Waterfront;Seawall;Upgrade to Waterfront Walkways/Bikeway;2100000.0;0.0;2100000.0;1487930.0;0.0;0.0;0.0;0.0
Parks and Open Spaces;Urban Forest & Natural Features;Restoration & Maintenance;2012-2014 Replacement/Upgrades of Existng Natural Feature;513700.0;0.0;513700.0;22572.0;0.0;0.0;0.0;0.0
Parks and Open Spaces;Urban Forest & Natural Features;Restoration & Maintenance;2019-2022 Stanley Park Cliff Scaling;242826.0;116000.0;358826.0;136102.0;0.0;0.0;0.0;0.0
Parks and Open Spaces;General Features & Infrastructures;Park Infrastructure;2019-2022 Park Electrical Systems;300000.0;150000.0;450000.0;380772.0;0.0;0.0;0.0;0.0
Parks and Open Spaces;General Features & Infrastructures;Park Infrastructure;Parks Green Operations;300000.0;0.0;300000.0;102597.0;0.0;0.0;0.0;0.0
Arts and Culture;Cultural Facilities;City-Owned;2015-2018 Capital Maintenance - Cultural Facilities;615000.0;0.0;615000.0;67959.0;0.0;0.0;0.0;0.0
Arts and Culture;Cultural Facilities;City-Owned;2019-2022 Capital Maintenance - Cultural Facilities;5273000.0;1850000.0;7123000.0;3041618.0;406809.0;0.0;0.0;0.0
Arts and Culture;Cultural Facilities;City-Owned;Heritage Hall Building Envelope;4086542.0;0.0;4086542.0;3625497.0;0.0;0.0;0.0;0.0
Arts and Culture;Cultural Facilities;City-Owned;Property Acquisition - Sep 2016;816000.0;0.0;816000.0;80000.0;97000.0;0.0;0.0;0.0
Arts and Culture;Cultural Facilities;City-Owned;Vancouver Playhouse Capital Maintenance;200000.0;0.0;200000.0;161463.0;0.0;0.0;0.0;0.0
Arts and Culture;Cultural Facilities;Non-City Owned;2019-2022 Cultural Infrastructure Grant Program;2600000.0;1600000.0;4200000.0;3439080.0;0.0;0.0;0.0;0.0
Arts and Culture;Cultural Facilities;Non-City Owned;Cultural Infrastructure Grant Program;458572.0;0.0;458572.0;237072.0;0.0;0.0;0.0;0.0
Arts and Culture;Entertainment & Exhibition Facilities;Entertainment & Exhibition Facilities;2019-2022 Capital Maintenance - Entertainmnt & Exhibition Facilities;1784000.0;0.0;1784000.0;1169556.0;0.0;0.0;0.0;0.0
Community Facilities;Libraries & Archives;Libraries;2019-2022 Branch Library Renovations;175000.0;175000.0;350000.0;225790.0;0.0;0.0;0.0;0.0
Community Facilities;Recreational Facilities;Community Centres, Rinks & Pools;Community Recreation Facilities Upgrades;1850000.0;0.0;1850000.0;500000.0;939999.0;0.0;0.0;0.0
Community Facilities;Recreational Facilities;Community Centres, Rinks & Pools;Marpole City Properties Site Costs;3170000.0;0.0;3170000.0;600000.0;650000.0;808658.0;0.0;0.0
Community Facilities;Recreational Facilities;Community Centres, Rinks & Pools;Planning for renewal of RayCam Community Center;500000.0;0.0;500000.0;250000.0;250000.0;0.0;0.0;0.0
Community Facilities;Recreational Facilities;Programs;2019-2022 Capital Maintenance - Recreation Facilities;8613000.0;3500000.0;12113000.0;7400000.0;1005483.0;0.0;0.0;0.0
Community Facilities;Social Facilities;City-Owned;2019-2022 Capital Maintenance - Social Facilities;1021000.0;850000.0;1871000.0;1457383.0;325000.0;0.0;0.0;0.0
Community Facilities;Social Facilities;City-Owned;2019-2022 Renovations - Social Facilities;1330000.0;150000.0;1480000.0;1346554.0;25000.0;0.0;0.0;0.0
Community Facilities;Social Facilities;City-Owned;Little Mountain Neighbourhood House: Social Housing;0.0;2000000.0;2000000.0;0.0;0.0;1000000.0;1000000.0;0.0
Community Facilities;Social Facilities;City-Owned;Qmunity Facility;7000000.0;1500000.0;8500000.0;2300000.0;5600000.0;600000.0;0.0;0.0
Community Facilities;Social Facilities;Non-City;2011 Capital Grants;93333.0;0.0;93333.0;24382.0;0.0;0.0;0.0;0.0
Community Facilities;Social Facilities;Non-City;2019-2022 Social Policy Capital Grants;1100000.0;200000.0;1300000.0;1300000.0;0.0;0.0;0.0;0.0
Community Facilities;Social Facilities;Non-City;Chinese Society Building Grant Program;916037.0;0.0;916037.0;358037.0;0.0;0.0;0.0;0.0
Community Facilities;Social Facilities;Non-City;Facade Grant-265 Carrall Street;100000.0;0.0;100000.0;0.0;100000.0;0.0;0.0;0.0
Community Facilities;Social Facilities;Non-City;Grant-Qmunity;200000.0;0.0;200000.0;70945.0;0.0;0.0;0.0;0.0
Community Facilities;Social Facilities;All Social;Equity Related Initiatives;325000.0;3850000.0;4175000.0;4175000.0;0.0;0.0;0.0;0.0
Public Safety;Fire & Rescue;Fire Halls;2019-2022 Renovations - Fire Halls;722000.0;0.0;722000.0;701876.0;0.0;0.0;0.0;0.0
Public Safety;Police;Police Facilities;2019-2022 Capital Maintenance - Police Facilities;556000.0;0.0;556000.0;149665.0;0.0;0.0;0.0;0.0
Public Safety;Police;Police Facilities;2019-2022 Capital Maintenance - Vancouver Police Department Facilities;790000.0;685000.0;1475000.0;1175000.0;285000.0;0.0;0.0;0.0
Public Safety;Police;Police Facilities;2019-2022 Renovations - Vancouver Police Department (VPD) Facilities;350000.0;440000.0;790000.0;655645.0;110000.0;0.0;0.0;0.0
Public Safety;Animal Control;Animal Control;2019-2022 Capital Maintenance - Animal Control;35000.0;0.0;35000.0;18000.0;0.0;0.0;0.0;0.0
Civic Facilities and Equipment;Administrative Facilities;City-Owned;2015-2018 Empty Home Tax Office Renovations;700000.0;0.0;700000.0;600000.0;70000.0;0.0;0.0;0.0
Civic Facilities and Equipment;Administrative Facilities;City-Owned;2015-2018 Energy Optimization Program;1784693.0;0.0;1784693.0;109900.0;0.0;0.0;0.0;0.0
Civic Facilities and Equipment;Administrative Facilities;City-Owned;2019-2022 Renovations - Administrative Facilities;7749000.0;0.0;7749000.0;2200000.0;1246778.0;0.0;0.0;0.0
Civic Facilities and Equipment;Administrative Facilities;City-Owned;City Hall Facilities Planning;770000.0;0.0;770000.0;60571.0;0.0;0.0;0.0;0.0
Civic Facilities and Equipment;Administrative Facilities;City-Owned;City Hall Office Accomodation Plan - Rezoning & Design;2750000.0;0.0;2750000.0;1400000.0;1220298.0;0.0;0.0;0.0
Civic Facilities and Equipment;Sevice Yards, Vehicles & Equipment;Service Yards;Manitoba Yard Carpentry Shop Floor Replacement;530000.0;0.0;530000.0;500155.0;0.0;0.0;0.0;0.0
Civic Facilities and Equipment;Sevice Yards, Vehicles & Equipment;Service Yards;Manitoba Yard Renewal - Planning;1910000.0;525000.0;2435000.0;1325000.0;958937.0;0.0;0.0;0.0
Civic Facilities and Equipment;Sevice Yards, Vehicles & Equipment;Service Yards;Snow Readiness - Service Yard Upgrades;1286000.0;0.0;1286000.0;500000.0;0.0;0.0;0.0;0.0
Civic Facilities and Equipment;Sevice Yards, Vehicles & Equipment;Vehicles & Equipment;2019-2022 Renewal of Engineering Vehicles & Equipment;19829284.0;3000000.0;22829284.0;6100000.0;10500000.0;0.0;0.0;0.0
Civic Facilities and Equipment;All City Facilities;All City Facilities;2019-2022 Civic Facility Security Program;250000.0;250000.0;500000.0;418471.0;50000.0;0.0;0.0;0.0
Civic Facilities and Equipment;All City Facilities;All City Facilities;2019-2022 Civic Facility Seismic Program;100000.0;700000.0;800000.0;320000.0;400000.0;0.0;0.0;0.0
Civic Facilities and Equipment;All City Facilities;All City Facilities;2019-2022 Environmental Program;550000.0;0.0;550000.0;420447.0;0.0;0.0;0.0;0.0
Civic Facilities and Equipment;All City Facilities;All City Facilities;2019-2022 Planning & Research - Childcare Facilities;25000.0;25000.0;50000.0;30200.0;0.0;0.0;0.0;0.0
Civic Facilities and Equipment;All City Facilities;All City Facilities;2019-2022 Planning & Research - Library Facilities;125000.0;50000.0;175000.0;151900.0;0.0;0.0;0.0;0.0
Civic Facilities and Equipment;All City Facilities;All City Facilities;2019-2022 Planning & Research - Recreation Facilities;300000.0;150000.0;450000.0;380000.0;50000.0;0.0;0.0;0.0
Civic Facilities and Equipment;All City Facilities;All City Facilities;2019-2022 Planning & Research - Service Yards;60000.0;75000.0;135000.0;101734.0;10000.0;0.0;0.0;0.0
Civic Facilities and Equipment;All City Facilities;All City Facilities;2019-2022 Planning & Research - Social Facilities;75000.0;0.0;75000.0;55500.0;0.0;0.0;0.0;0.0
Civic Facilities and Equipment;All City Facilities;All City Facilities;2019-2022 Real Estate and Facilities Management (REFM) Capital Planning;4800000.0;2400000.0;7200000.0;2400000.0;0.0;0.0;0.0;0.0
Transportation and Street Use;Managing The Transportation Network;Planning & Monitoring;2019-2022 Transportation Monitoring and ITS (Intelligence Transportation Systems);1795276.0;950000.0;2745276.0;950000.0;0.0;0.0;0.0;0.0
Transportation and Street Use;Managing The Transportation Network;Safety Improvements;2019-2022 School Safety & Active Routes Improvements;1250000.0;625000.0;1875000.0;625000.0;0.0;0.0;0.0;0.0
Transportation and Street Use;Managing The Transportation Network;Safety Improvements;2019-2022 Zero Fatalities & Serious Injuries Program;0.0;1005330.0;1005330.0;1005330.0;0.0;0.0;0.0;0.0
Transportation and Street Use;Managing The Transportation Network;Structure Management;Granville Bridge Upgrade - North/South;8148000.0;0.0;8148000.0;1500000.0;0.0;0.0;0.0;0.0
Transportation and Street Use;Managing The Transportation Network;Surface Management;2019-2022 Local Roads Rehabilitation;0.0;1950350.0;1950350.0;1950350.0;0.0;0.0;0.0;0.0
Transportation and Street Use;Managing The Transportation Network;Street Lighting Management;2019-2022 Rehabilitation of Electrical Service Panels & Kiosks;400000.0;200000.0;600000.0;200000.0;0.0;0.0;0.0;0.0
Transportation and Street Use;Managing The Transportation Network;Street Lighting Management;2019-2022 Rehabilitation of Street Lighting & Poles;5774383.0;1460000.0;7234383.0;1460000.0;0.0;0.0;0.0;0.0
Transportation and Street Use;Managing The Transportation Network;Street Lighting Management;2019-2022 Trolley Pole Replacement;2186680.0;1200000.0;3386680.0;1200000.0;0.0;0.0;0.0;0.0
Transportation and Street Use;Managing The Transportation Network;Street Lighting Management;2019-2022 Underground Street Lighting Conduits;3000000.0;2000000.0;5000000.0;2000000.0;0.0;0.0;0.0;0.0
Transportation and Street Use;Managing The Transportation Network;Signal Management;2019-2022 New Pedestrian & Bicycle Signals;2630983.0;875000.0;3505983.0;875000.0;0.0;0.0;0.0;0.0
Transportation and Street Use;Managing The Transportation Network;Signal Management;2019-2022 Traffic Signal Controller Replacement;0.0;750000.0;750000.0;750000.0;0.0;0.0;0.0;0.0
Transportation and Street Use;Expand Sustainable Transportation Capacity;Active Transportation;10th Avenenue Street Improvement - Health Princint Phase II (From Ash st. to Willow St.);6000000.0;0.0;6000000.0;5500000.0;0.0;0.0;0.0;0.0
Transportation and Street Use;Expand Sustainable Transportation Capacity;Active Transportation;Active Transportation Master Plan for West End Waterfront Parks and Beach Avenue;0.0;250000.0;250000.0;250000.0;0.0;0.0;0.0;0.0
Transportation and Street Use;Expand Sustainable Transportation Capacity;Other Transit;Broadway Subway Project Office;2000000.0;2000000.0;4000000.0;1600000.0;400000.0;0.0;0.0;0.0
Transportation and Street Use;Expand Sustainable Transportation Capacity;Other Transit;Downtown Trolley Wire Expansion;1367190.0;0.0;1367190.0;450000.0;0.0;0.0;0.0;0.0
Transportation and Street Use;Street Use;Public Space Projects;Robson Square - 700 Block;0.0;1000000.0;1000000.0;1000000.0;0.0;0.0;0.0;0.0
Transportation and Street Use;Street Use;Landscape, Public Realm & Amenities;2019-2022 Street Activities (New);1185000.0;400000.0;1585000.0;650000.0;0.0;0.0;0.0;0.0
Transportation and Street Use;Street Use;Landscape, Public Realm & Amenities;2019-2022 Street Activities (Renewal);944080.0;600000.0;1544080.0;950000.0;0.0;0.0;0.0;0.0
One Water;Potable Water;Water Network;2019-2022 Access to Water;103020.0;0.0;103020.0;51761.0;0.0;0.0;0.0;0.0
One Water;Potable Water;Water Network;2019-2022 Telemetry System - New and Replacement;693130.0;232695.0;925825.0;345000.0;0.0;0.0;0.0;0.0
One Water;Potable Water;Water Network;2019-2022 Transmission Main Replacement;14807000.0;1500000.0;16307000.0;4005566.0;0.0;0.0;0.0;0.0
One Water;Potable Water;Water Network;2019-2022 Water Conservation Capital Project;206040.0;110000.0;316040.0;117184.0;0.0;0.0;0.0;0.0
One Water;Potable Water;Connections & Meters**;2019-2022 Water Commercial Connections;7050000.0;0.0;7050000.0;1333982.0;250000.0;0.0;0.0;0.0
One Water;Potable Water;Water Planning;2019-2022 Integrated Water Management;2811134.0;1824978.0;4636112.0;2145264.0;0.0;0.0;0.0;0.0
One Water;Potable Water;Strategic Initiatives;2019-2022 System Extension & Minor Improvements (One Water);300000.0;700000.0;1000000.0;1000000.0;0.0;0.0;0.0;0.0
One Water;Sewerage & Drainage;Sewer Network;2019-2022 Growth-Related Utility Upgrades - Sewer;27000000.0;0.0;27000000.0;14300000.0;7968670.0;0.0;0.0;0.0
One Water;Sewerage & Drainage;Connections**;2019-2022 Aging Sewer Connections;3585000.0;2016000.0;5601000.0;2016000.0;0.0;0.0;0.0;0.0
One Water;Sewerage & Drainage;Connections**;2019-2022 Sewer Residential & At-Cost Connections;341000.0;450000.0;791000.0;209622.0;200000.0;150000.0;0.0;0.0
One Water;Sewerage & Drainage;Sewer Planning;2019-2022 Utility Planning;9317935.0;927896.0;10245831.0;5214250.0;480514.0;0.0;0.0;0.0
One Water;Sewerage & Drainage;Flood Management & Shoreline Protection;Tidal Gates Replacement;1700000.0;0.0;1700000.0;561220.0;913522.0;0.0;0.0;0.0
One Water;Sewerage & Drainage;Flood Management & Shoreline Protection;2019-2022 East Fraser Land Shoreline Protection-Design/Construction;4738920.0;0.0;4738920.0;400000.0;2028788.0;0.0;0.0;0.0
One Water;Green Infrastructure;GI Implementation;Green Infrastructure Establishment;247000.0;0.0;247000.0;114052.0;0.0;0.0;0.0;0.0
One Water;Green Infrastructure;GI Planning;2019-2022 Clean Water Planning;2390550.0;0.0;2390550.0;1675255.0;0.0;0.0;0.0;0.0
One Water;Green Infrastructure;GI Planning;Clean Water Planning;0.0;1582295.0;1582295.0;0.0;1582295.0;0.0;0.0;0.0
Solid Waste;Disposal;Transfer Station;Vancouver Landfill & Transfer Station Scale Software;2145000.0;0.0;2145000.0;214558.0;0.0;0.0;0.0;0.0
Solid Waste;Disposal;Landfill Non-closure;2019-2022 Routine Landfill Gas Works (non-closure);5891646.0;6807886.0;12699532.0;7300000.0;1680000.0;0.0;0.0;0.0
Solid Waste;Disposal;Landfill Non-closure;City Lay Down Area Clean up;500000.0;0.0;500000.0;336235.0;0.0;0.0;0.0;0.0
Solid Waste;Disposal;Landfill Non-closure;Construction & Demolition Resource Recovery Facility;3505000.0;0.0;3505000.0;275279.0;0.0;0.0;0.0;0.0
Solid Waste;Disposal;Landfill Non-closure;Organic Processing Design Works;1000000.0;0.0;1000000.0;496049.0;0.0;0.0;0.0;0.0
Solid Waste;Disposal;Landfill Non-closure;Upgrade Existing Compost Facility (VLF);1000000.0;0.0;1000000.0;283704.0;0.0;0.0;0.0;0.0
Solid Waste;Disposal;Landfill Non-closure;Vancouver Landfill Building Renovations/Upgrades;500000.0;850000.0;1350000.0;1350000.0;0.0;0.0;0.0;0.0
Solid Waste;Disposal;Landfill Closure;Landfill Western 40 Hectare Closure;29000000.0;0.0;29000000.0;3106537.0;0.0;0.0;0.0;0.0
Solid Waste;Disposal;Landfill Closure;Vegetation Plan development and execution (closure);1000000.0;0.0;1000000.0;940000.0;0.0;0.0;0.0;0.0
Solid Waste;Sanitation;Collections & Street Cleaning;Litter & Streetscape Recycling Cart Enclosures;0.0;1000000.0;1000000.0;186740.0;813260.0;0.0;0.0;0.0
Renewable Energy;SEFC NEU;Generation;Neighbourhood Energy Utility (NEU) Waste Heat Recovery Expansion;14200000.0;0.0;14200000.0;9800000.0;1307133.0;0.0;0.0;0.0
Renewable Energy;SEFC NEU;Distribution;2019-2022 Neighbourhood Energy Utility (NEU) System Extension;7337154.0;1973496.0;9310650.0;4614769.0;0.0;0.0;0.0;0.0
Technology;Technology;Technology;2019-2022 CTO (Chief Technology Officer) Strategic Initiatives;1090000.0;510000.0;1600000.0;510000.0;0.0;0.0;0.0;0.0
Technology;Technology;Technology;2019-2022 Digital Strategy - Service Channel;300000.0;0.0;300000.0;134000.0;0.0;0.0;0.0;0.0
Technology;Technology;Technology;2019-2022 Enterprise Data & Analytics;2860000.0;899000.0;3759000.0;2009000.0;0.0;0.0;0.0;0.0
Technology;Technology;Technology;2019-2022 Hansen Upgrades;235000.0;0.0;235000.0;124000.0;0.0;0.0;0.0;0.0
Technology;Technology;Technology;2019-2022 IT Infrastructure Maintenance, Upgrades & Expansion - City;0.0;4411500.0;4411500.0;4411500.0;0.0;0.0;0.0;0.0
Technology;Technology;Technology;2019-2022 Upgrades for Small COTS Apps;60000.0;0.0;60000.0;60000.0;0.0;0.0;0.0;0.0
Technology;Technology;Technology;Fairfax Replacement & Upgrade;675000.0;0.0;675000.0;270000.0;0.0;0.0;0.0;0.0
Technology;Technology;Technology;Hardware/Software - Vancouver Police Department;306400.0;80500.0;386900.0;80500.0;0.0;0.0;0.0;0.0
Overhead;Overhead;Overhead;2019-2022 City-Wide Overhead - Human Resources;328000.0;294000.0;622000.0;306694.0;0.0;0.0;0.0;0.0
Overhead;Overhead;Overhead;2019-2022 City-Wide Overhead - Legal;3770000.0;2200000.0;5970000.0;2200000.0;0.0;0.0;0.0;0.0
Overhead;Overhead;Overhead;2019-2022 Debenture Discount;2000000.0;0.0;2000000.0;850000.0;149000.0;0.0;0.0;0.0
Affordable Housing;SROs;SROs;2019-2022 Single Room Occupancy (SRO) Upgrade Granting Program;1500000.0;0.0;1500000.0;1425000.0;0.0;0.0;0.0;0.0
Affordable Housing;Non-Market Rental (Social Housing & Other);City-Owned & City-Operated;2015-2018 Capital Maintenance - Non-Market Housing;1449800.0;0.0;1449800.0;373711.0;0.0;0.0;0.0;0.0
Affordable Housing;Non-Market Rental (Social Housing & Other);City-Owned & City-Operated;2019-2022 Furniture, Fixtures and Equipment for Non-Market Housing;675000.0;0.0;675000.0;400000.0;76132.0;0.0;0.0;0.0
Affordable Housing;Non-Market Rental (Social Housing & Other);City-Owned & City-Operated;Renewal and Expansion of Grandview Fire Hall - Co-location of Affordable Housing;5000000.0;0.0;5000000.0;1000000.0;3000000.0;500000.0;500000.0;0.0
Affordable Housing;Non-Market Rental (Social Housing & Other);Non-City Housing On City-Owned Land;2015-2018 Housing Land Acquisition;13795073.0;0.0;13795073.0;8463175.0;0.0;0.0;0.0;0.0
Affordable Housing;Non-Market Rental (Social Housing & Other);Non-City Housing On City-Owned Land;Co-op Lease Grant Program;4000000.0;4000000.0;8000000.0;500000.0;7500000.0;0.0;0.0;0.0
Affordable Housing;Non-Market Rental (Social Housing & Other);Non-City Housing On City-Owned Land;Non-Market Housing Building Rehabilitation (Jan 2019);150000.0;0.0;150000.0;100000.0;0.0;0.0;0.0;0.0
Affordable Housing;Non-Market Rental (Social Housing & Other);Non-City Housing On City-Owned Land;Remediation - Land Acquisition (Mar 2016);200000.0;0.0;200000.0;200000.0;0.0;0.0;0.0;0.0
Affordable Housing;Non-Market Rental (Social Housing & Other);Non-City Housing On Non-City Land;Grant - Urban Native Youth Association (Temporary Relocation);500000.0;0.0;500000.0;500000.0;0.0;0.0;0.0;0.0
Affordable Housing;Non-Market Rental (Social Housing & Other);Non-City Housing On Non-City Land;Grant - Vancouver Masonic Centre;1910000.0;0.0;1910000.0;1910000.0;0.0;0.0;0.0;0.0
Affordable Housing;Non-Market Rental (Social Housing & Other);Non-City Housing On Non-City Land;Grants - NPO Lease Renewal Program;500000.0;0.0;500000.0;500000.0;0.0;0.0;0.0;0.0
Affordable Housing;Non-Market Rental (Social Housing & Other);Non-City Housing On Non-City Land;Non Market Housing Grant Program;350000.0;0.0;350000.0;350000.0;0.0;0.0;0.0;0.0
Affordable Housing;Implementation & Research;Implementation & Research;2019-2022 Affordable Housing Planning & Studies;300000.0;650000.0;950000.0;921330.0;0.0;0.0;0.0;0.0
Affordable Housing;Implementation & Research;Implementation & Research;2019-2022 Planning & Research - Afforadable Housing Deployment;0.0;1500000.0;1500000.0;1500000.0;0.0;0.0;0.0;0.0
Affordable Housing;Implementation & Research;Implementation & Research;Affordable Housing Staff Research;1050000.0;550000.0;1600000.0;1571343.0;0.0;0.0;0.0;0.0
Childcare;Implementation & Research;Implementation & Research;2012-2014 Child Care Project Management;150000.0;0.0;150000.0;81959.0;0.0;0.0;0.0;0.0
Childcare;Implementation & Research;Implementation & Research;2019-2022 Planning & Research - Childcare Facilities;995000.0;605000.0;1600000.0;1193510.0;0.0;0.0;0.0;0.0
Childcare;Infant, Toddler & Preschool (0-4 Years Old);City-Owned;Grant - Childcare at 321 Princess Avenue;960000.0;0.0;960000.0;960000.0;0.0;0.0;0.0;0.0
Childcare;Infant, Toddler & Preschool (0-4 Years Old);City-Owned;Kits Montessori - Decommissioning of Former Site;520000.0;0.0;520000.0;389057.0;0.0;0.0;0.0;0.0
Childcare;Infant, Toddler & Preschool (0-4 Years Old);City-Owned;Little Mountain Neighbourhood House: Childcare;0.0;2300000.0;2300000.0;2300000.0;0.0;0.0;0.0;0.0
Childcare;Infant, Toddler & Preschool (0-4 Years Old);City-Owned;Renewal of Marpole Oakridge Childcare;960000.0;0.0;960000.0;849700.0;0.0;0.0;0.0;0.0
Childcare;Infant, Toddler & Preschool (0-4 Years Old);City-Owned;Vancouver School Board / City Childcare Partnership Project (June 2018);10800000.0;0.0;10800000.0;3000000.0;3854226.0;3794226.0;0.0;0.0
Parks and Open Spaces;Park Land;Park Land;Deconstruction & Greening - Park Land Acquisition May 2019;285000.0;0.0;285000.0;285000.0;0.0;0.0;0.0;0.0
Parks and Open Spaces;Park Amenities;Park Development;2019-2022 Neighbourhood Areas - Emerging Park Board Priorities;300000.0;250000.0;550000.0;275000.0;0.0;0.0;0.0;0.0
Parks and Open Spaces;Park Amenities;Park Development;2019-2022 Park Universal Access Improvements;250000.0;100000.0;350000.0;242498.0;0.0;0.0;0.0;0.0
Parks and Open Spaces;Park Amenities;Park Development;East Fraser Lands Parks: Area 2;4775000.0;0.0;4775000.0;2992768.0;0.0;0.0;0.0;0.0
Parks and Open Spaces;Park Amenities;Park Development;Master Plan for John Hendry Park;700000.0;1000000.0;1700000.0;960544.0;500000.0;0.0;0.0;0.0
Parks and Open Spaces;Park Amenities;Park Development;Neighbourhood Areas - General Brock Park;200000.0;0.0;200000.0;200000.0;0.0;0.0;0.0;0.0
Parks and Open Spaces;Park Amenities;Park Development;Park Upgrades - Brewers / Clinton;2320000.0;0.0;2320000.0;103624.0;0.0;0.0;0.0;0.0
Parks and Open Spaces;Park Amenities;Park Development;2019-2022 Playground/Water Spray Parks Renewal;6905604.0;500000.0;7405604.0;3013342.0;500000.0;0.0;0.0;0.0
Parks and Open Spaces;Park Amenities;Park Development;CRAB Park at Portside;1000000.0;0.0;1000000.0;1000000.0;0.0;0.0;0.0;0.0
Parks and Open Spaces;Park Amenities;Other;2019-2022 Dog Parks - New/Upgrades;750000.0;500000.0;1250000.0;1236783.0;0.0;0.0;0.0;0.0
Parks and Open Spaces;Park Amenities;Planning & Overhead;2019-2022 Park Capital Project Management;8000000.0;4000000.0;12000000.0;5410718.0;0.0;0.0;0.0;0.0
Parks and Open Spaces;Programmed Activity Areas;Other Sport Amenities;2015-2018 Golf Course Improvements;4000000.0;0.0;4000000.0;1017909.0;1000000.0;500000.0;0.0;0.0
Parks and Open Spaces;Programmed Activity Areas;Tracks;2019-2022 Running Tracks Renewals;200000.0;650000.0;850000.0;475000.0;325000.0;0.0;0.0;0.0
Parks and Open Spaces;Seawall & Waterfront;Waterfront & Marine Structures;Jericho Pier;1000000.0;0.0;1000000.0;440000.0;500000.0;0.0;0.0;0.0
Parks and Open Spaces;Seawall & Waterfront;Seawall;Phase One - Seaside Greenway Improvement;2200000.0;0.0;2200000.0;487460.0;1500000.0;0.0;0.0;0.0
Parks and Open Spaces;Urban Forest & Natural Features;Biodiversity;2019-2022 Biodiversity Projects;2780000.0;250000.0;3030000.0;1610143.0;750000.0;0.0;0.0;0.0
Parks and Open Spaces;Urban Forest & Natural Features;Biodiversity;Biodiversity Enhancements;1900000.0;0.0;1900000.0;1039418.0;0.0;0.0;0.0;0.0
Parks and Open Spaces;Urban Forest & Natural Features;Biodiversity;Lost Lagoon Study;100000.0;0.0;100000.0;23240.0;0.0;0.0;0.0;0.0
Parks and Open Spaces;Urban Forest & Natural Features;Restoration & Maintenance;Hastings Park Stream and Wetland Creation;0.0;150000.0;150000.0;150000.0;0.0;0.0;0.0;0.0
Parks and Open Spaces;Urban Forest & Natural Features;Restoration & Maintenance;Lost Lagoon Fountain Upgrades;400000.0;0.0;400000.0;205157.0;0.0;0.0;0.0;0.0
Parks and Open Spaces;General Features & Infrastructures;Pedestrian Access;2019-2022 Park Bridges;1250000.0;800000.0;2050000.0;1670558.0;0.0;0.0;0.0;0.0
Parks and Open Spaces;General Features & Infrastructures;Pedestrian Access;2019-2022 Park Pathways;100000.0;700000.0;800000.0;725000.0;0.0;0.0;0.0;0.0
Parks and Open Spaces;General Features & Infrastructures;Biodiversity;2019-2022 Community Gardens;200000.0;100000.0;300000.0;182473.0;0.0;0.0;0.0;0.0
Parks and Open Spaces;General Features & Infrastructures;Vehicle Access;2019-2022 Paving Park Roads & Parking Lots;1135000.0;0.0;1135000.0;160187.0;0.0;0.0;0.0;0.0
Parks and Open Spaces;General Features & Infrastructures;Vehicle Access;Mountainview Cemetery Road Repair;300000.0;0.0;300000.0;131463.0;0.0;0.0;0.0;0.0
Parks and Open Spaces;General Features & Infrastructures;Vehicle Access;Musqueam Park Bridge Replacement;210000.0;0.0;210000.0;50000.0;0.0;0.0;0.0;0.0
Parks and Open Spaces;General Features & Infrastructures;Park Infrastructure;Parks - Green Infrastructure;350000.0;500000.0;850000.0;775000.0;0.0;0.0;0.0;0.0
Parks and Open Spaces;Park Buildings;Park Buildings;2015-2018 Capital Maintenance - Park Buildings;293000.0;0.0;293000.0;27041.0;0.0;0.0;0.0;0.0
Parks and Open Spaces;Park Buildings;Park Buildings;New Washrooms & Fieldhouses - Design;1500000.0;2000000.0;3500000.0;1800000.0;1680000.0;0.0;0.0;0.0
Arts and Culture;Cultural Facilities;City-Owned;CCTV Cameras - Civic Theatre Venues;170000.0;0.0;170000.0;30359.0;0.0;0.0;0.0;0.0
Arts and Culture;Cultural Facilities;City-Owned;Queen Elizabeth Theatre Seat Cup Holders;65000.0;0.0;65000.0;65000.0;0.0;0.0;0.0;0.0
Arts and Culture;Cultural Facilities;City-Owned;Queen Elizabeth Theatre Audio & Lighting Package;650000.0;0.0;650000.0;432967.0;0.0;0.0;0.0;0.0
Arts and Culture;Cultural Facilities;City-Owned;Queen Elizabeth Theatre Furniture;125000.0;0.0;125000.0;125000.0;0.0;0.0;0.0;0.0
Arts and Culture;Cultural Facilities;City-Owned;Queen Elizabeth Theatre/Vancouver Playhouse - Video Package;350000.0;0.0;350000.0;350000.0;0.0;0.0;0.0;0.0
Arts and Culture;Cultural Facilities;City-Owned;Vancouver Civic Theatres - Marquee Signs;415576.0;0.0;415576.0;415576.0;0.0;0.0;0.0;0.0
Arts and Culture;Cultural Facilities;City-Owned;Vancouver Playhouse - Future Study and Renovation Planning;125000.0;0.0;125000.0;125000.0;0.0;0.0;0.0;0.0
Arts and Culture;Cultural Facilities;Non-City Owned;2015-2018 Cultural Infrastructure Grant Program;2444940.0;0.0;2444940.0;663542.0;0.0;0.0;0.0;0.0
Arts and Culture;Entertainment & Exhibition Facilities;Entertainment & Exhibition Facilities;2015-2018 Capital Maintenance - Entertainmnt & Exhibition Facilities;700000.0;0.0;700000.0;220136.0;0.0;0.0;0.0;0.0
Arts and Culture;Entertainment & Exhibition Facilities;Entertainment & Exhibition Facilities;Pacific National Exihibition (PNE) Amphitheatre Planning & Design;3000000.0;0.0;3000000.0;200000.0;600000.0;1000000.0;1001146.0;0.0
Arts and Culture;Entertainment & Exhibition Facilities;Entertainment & Exhibition Facilities;Pacific National Exihibition (PNE) Coliseum Ice Plant Upgrades;2250000.0;0.0;2250000.0;73328.0;0.0;0.0;0.0;0.0
Arts and Culture;Entertainment & Exhibition Facilities;Entertainment & Exhibition Facilities;Playland Redevelopment Planning;2338424.0;0.0;2338424.0;200000.0;1579252.0;0.0;0.0;0.0
Arts and Culture;Public Art;Public Art;2015-2018 New Public Art Installations;2918000.0;0.0;2918000.0;1006759.0;0.0;0.0;0.0;0.0
Arts and Culture;Public Art;Public Art;2019-2022 Capital Maintenance - Existing Public Art;460000.0;508000.0;968000.0;833393.0;0.0;0.0;0.0;0.0
Arts and Culture;Public Art;Public Art;2019-2022 New Public Art Installations;1765000.0;1462000.0;3227000.0;2587490.0;0.0;0.0;0.0;0.0
Arts and Culture;Heritage;Heritage;2019-2022 Heritage Facade Rehabilitation Program;400000.0;200000.0;600000.0;100000.0;500000.0;0.0;0.0;0.0
Arts and Culture;Heritage;Heritage;2019-2022 Heritage Incentive Program - Vancouver Heritage Foundation (VHF);600000.0;300000.0;900000.0;0.0;300000.0;0.0;0.0;0.0
Community Facilities;Libraries & Archives;Libraries;2015-2018 Relocate Vanoucouver Public Library Office at Library Square;180000.0;0.0;180000.0;19671.0;0.0;0.0;0.0;0.0
Community Facilities;Libraries & Archives;Libraries;Planning/Design for renewal and expansion of Marpole Library;4500000.0;0.0;4500000.0;2300000.0;2172702.0;0.0;0.0;0.0
Community Facilities;Recreational Facilities;Community Centres, Rinks & Pools;Renewal/Expansion of Marpole-Oakridge Community Centre - Design;6200000.0;100000.0;6300000.0;2600000.0;3660013.0;0.0;0.0;0.0
Community Facilities;Recreational Facilities;Community Centres, Rinks & Pools;West End Community Center & Library Renewal - Master Plan/Design;1700000.0;60000.0;1760000.0;397483.0;600000.0;700000.0;0.0;0.0
Community Facilities;Recreational Facilities;Community Centres, Rinks & Pools;Marpole Oakridge Outdoor Pool - Planning & Design;2000000.0;0.0;2000000.0;800000.0;1194583.0;0.0;0.0;0.0
Community Facilities;Recreational Facilities;Community Centres, Rinks & Pools;Outdoor Pools Study including Mt. Pleasant;650000.0;0.0;650000.0;593055.0;0.0;0.0;0.0;0.0
Community Facilities;Recreational Facilities;Programs;2015-2018 Capital Maintenance - Recreation Facilities;2150000.0;0.0;2150000.0;128094.0;0.0;0.0;0.0;0.0
Community Facilities;Recreational Facilities;Programs;2015-2018 City-wide Building System Safety;3000000.0;0.0;3000000.0;480000.0;485015.0;0.0;0.0;0.0
Community Facilities;Social Facilities;City-Owned;Indigenous Social Enterprise;2000000.0;0.0;2000000.0;1000000.0;1000000.0;0.0;0.0;0.0
Community Facilities;Social Facilities;City-Owned;Marpole Place Base Buliding Upgrades;2992200.0;0.0;2992200.0;123884.0;0.0;0.0;0.0;0.0
Community Facilities;Social Facilities;City-Owned;Marpole Place Exterior Upgrades;600000.0;0.0;600000.0;58988.0;0.0;0.0;0.0;0.0
Community Facilities;Social Facilities;Non-City;2019-2022 Downtown Eastside Capital Grant program;2543600.0;1000000.0;3543600.0;1633801.0;200000.0;0.0;0.0;0.0
Community Facilities;Social Facilities;Non-City;2019-2022 Social Policy Small Capital Grants;100000.0;0.0;100000.0;91377.0;0.0;0.0;0.0;0.0
Community Facilities;Social Facilities;Non-City;Downtown Eastside Capital Grant program;1200000.0;0.0;1200000.0;210900.0;0.0;0.0;0.0;0.0
Community Facilities;Social Facilities;Non-City;Downtown Eastside Community Asset Management;1001326.0;0.0;1001326.0;126604.0;0.0;0.0;0.0;0.0
Community Facilities;Social Facilities;Non-City;Downtown Eastside Neighbourhood Improvements;655351.0;0.0;655351.0;310321.0;0.0;0.0;0.0;0.0
Community Facilities;Social Facilities;Non-City;Grant - Urban Native Youth Assocation (Native Youth Centre Project Development);15000.0;0.0;15000.0;15000.0;0.0;0.0;0.0;0.0
Community Facilities;Social Facilities;All Social;2019-2022 Social Facilities Planning/Research;850000.0;425000.0;1275000.0;978523.0;0.0;0.0;0.0;0.0
Public Safety;Fire & Rescue;Fire Halls;2015-2018 Capital Maintenance - Fire Halls;130000.0;0.0;130000.0;3818.0;0.0;0.0;0.0;0.0
Public Safety;Fire & Rescue;Fire Halls;Fire Hall 17 Renewal;24700000.0;0.0;24700000.0;6481584.0;425691.0;0.0;0.0;0.0
Public Safety;Fire & Rescue;Fire Halls;Fire Hall No. 12 Seismic Upgrades - Planning;844000.0;5000000.0;5844000.0;1986458.0;2000000.0;1500000.0;0.0;0.0
Public Safety;Fire & Rescue;Fire Halls;Replacement of Fire Hall;23258000.0;0.0;23258000.0;97161.0;0.0;0.0;0.0;0.0
Public Safety;Police;Police Cars;2019-2022 Renewal of Vancouver Police Department Vehicles & Equipment;8999557.0;4700000.0;13699557.0;2300000.0;7300000.0;0.0;0.0;0.0
Civic Facilities and Equipment;Administrative Facilities;City-Owned;2015-2018 Renovation - Administrative Facilities;300000.0;0.0;300000.0;88136.0;0.0;0.0;0.0;0.0
Civic Facilities and Equipment;Administrative Facilities;City-Owned;Office Space Expansion - City Hall Precinct;3263000.0;0.0;3263000.0;172091.0;0.0;0.0;0.0;0.0
Civic Facilities and Equipment;Administrative Facilities;City-Owned;Office Workspace Expansion (July 2018);4900000.0;0.0;4900000.0;264303.0;0.0;0.0;0.0;0.0
Civic Facilities and Equipment;Administrative Facilities;City-Owned;Office Workspace Expansion (Jun 2017);2800000.0;0.0;2800000.0;113412.0;0.0;0.0;0.0;0.0
Civic Facilities and Equipment;Sevice Yards, Vehicles & Equipment;Service Yards;2015-2018 Service Yards Renovations;50000.0;0.0;50000.0;41000.0;0.0;0.0;0.0;0.0
Civic Facilities and Equipment;Sevice Yards, Vehicles & Equipment;Service Yards;2019-2022 Renovations - Service Yards;1110000.0;200000.0;1310000.0;1096233.0;50000.0;0.0;0.0;0.0
Civic Facilities and Equipment;Sevice Yards, Vehicles & Equipment;Service Yards;Sunset Yard Renewal - Master Plan & Construction;2000000.0;7000000.0;9000000.0;2500000.0;3321094.0;3000000.0;0.0;0.0
Civic Facilities and Equipment;Sevice Yards, Vehicles & Equipment;Vehicles & Equipment;2019-2022 Renewal of Other Vehicles & Equipment;489000.0;1800000.0;2289000.0;200000.0;1810000.0;0.0;0.0;0.0
Civic Facilities and Equipment;All City Facilities;All City Facilities;2019-2022 Planning & Research - Administrative Facilities;105000.0;20000.0;125000.0;115000.0;0.0;0.0;0.0;0.0
Civic Facilities and Equipment;All City Facilities;All City Facilities;2019-2022 Planning & Research - Market Housing;25000.0;75000.0;100000.0;95000.0;5000.0;0.0;0.0;0.0
Civic Facilities and Equipment;All City Facilities;All City Facilities;2019-2022 Planning & Research - Non-Market Housing;280000.0;0.0;280000.0;223289.0;0.0;0.0;0.0;0.0
Civic Facilities and Equipment;All City Facilities;All City Facilities;2019-2022 Security Program;250000.0;0.0;250000.0;46733.0;0.0;0.0;0.0;0.0
Civic Facilities and Equipment;All City Facilities;All City Facilities;Programming/Site Fit Test for VPD Headquarters;75000.0;25000.0;100000.0;78172.0;0.0;0.0;0.0;0.0
Transportation and Street Use;Managing The Transportation Network;Planning & Monitoring;2019-2022 Design Investigation - Transportion;800000.0;150000.0;950000.0;250000.0;0.0;0.0;0.0;0.0
Transportation and Street Use;Managing The Transportation Network;Planning & Monitoring;2019-2022 Transportation Planning Studies;1600000.0;225000.0;1825000.0;875000.0;0.0;0.0;0.0;0.0
Transportation and Street Use;Managing The Transportation Network;Safety Improvements;2019-2022 Neighbourhood Safety Improvements;1700000.0;240000.0;1940000.0;640000.0;0.0;0.0;0.0;0.0
Transportation and Street Use;Managing The Transportation Network;Curbside Management;2019-2022 Metered Parking Program;4390000.0;10600000.0;14990000.0;6950000.0;5350000.0;0.0;0.0;0.0
Transportation and Street Use;Managing The Transportation Network;Structure Management;2019-2022 Bridgeway Slope Stabilization;1600000.0;0.0;1600000.0;1300000.0;0.0;0.0;0.0;0.0
Transportation and Street Use;Managing The Transportation Network;Structure Management;Cambie Bridge Seismic Assessment;2800000.0;0.0;2800000.0;800000.0;0.0;0.0;0.0;0.0
Transportation and Street Use;Managing The Transportation Network;Surface Management;2019-2022 Pedestrian Curb Ramp Program;2250000.0;1375000.0;3625000.0;1875000.0;0.0;0.0;0.0;0.0
Transportation and Street Use;Managing The Transportation Network;Surface Management;2019-2022 Rehabilitation of Major Roads - MRN (Major Road Network);1200000.0;5000000.0;6200000.0;5000000.0;0.0;0.0;0.0;0.0
Transportation and Street Use;Managing The Transportation Network;Surface Management;Downtown Historic Railway Decommissioning;0.0;40000.0;40000.0;40000.0;0.0;0.0;0.0;0.0
Transportation and Street Use;Managing The Transportation Network;Street Lighting Management;2021-2022 LED Fixture Electrification Sensors;0.0;900000.0;900000.0;900000.0;0.0;0.0;0.0;0.0
Transportation and Street Use;Managing The Transportation Network;Street Lighting Management;2019-2022 Street Lighting - Infill;1110000.0;195000.0;1305000.0;195000.0;0.0;0.0;0.0;0.0
Transportation and Street Use;Managing The Transportation Network;Street Lighting Management;Curbside Electrical Power Supply;1800000.0;0.0;1800000.0;700000.0;0.0;0.0;0.0;0.0
Transportation and Street Use;Managing The Transportation Network;Street Lighting Management;Film Power Kiosk Network;0.0;400000.0;400000.0;400000.0;0.0;0.0;0.0;0.0
Transportation and Street Use;Managing The Transportation Network;Signal Management;2019-2022 Traffic Signal LED Replacement;898689.0;500000.0;1398689.0;500000.0;0.0;0.0;0.0;0.0
Transportation and Street Use;Expand Sustainable Transportation Capacity;Active Transportation;2019-2022 Active Transportation Planning Staffing;2000000.0;1000000.0;3000000.0;1000000.0;0.0;0.0;0.0;0.0
Transportation and Street Use;Expand Sustainable Transportation Capacity;Active Transportation;Detailed Design for Arbutus Greenway - Zone 3 and 8;6500000.0;0.0;6500000.0;1700000.0;1600000.0;800000.0;0.0;0.0
Transportation and Street Use;Expand Sustainable Transportation Capacity;Active Transportation;Drake Green Complete Street Improvements;4400000.0;0.0;4400000.0;2800000.0;1500000.0;0.0;0.0;0.0
Transportation and Street Use;Expand Sustainable Transportation Capacity;Active Transportation;Richards Green Complete Street Improvements;7877000.0;1623000.0;9500000.0;4623000.0;0.0;0.0;0.0;0.0
Transportation and Street Use;Expand Sustainable Transportation Capacity;Active Transportation;Still Creek Viewing Platform;170000.0;0.0;170000.0;170000.0;0.0;0.0;0.0;0.0
Transportation and Street Use;Expand Sustainable Transportation Capacity;Active Transportation;West End Active Transportation Improvements;200000.0;1400000.0;1600000.0;1600000.0;0.0;0.0;0.0;0.0
Transportation and Street Use;Expand Sustainable Transportation Capacity;Climate Emergency Response;Climate Emergency Response - Curbside Electrical Program;0.0;1250000.0;1250000.0;1250000.0;0.0;0.0;0.0;0.0
Transportation and Street Use;Expand Sustainable Transportation Capacity;Complete Streets;Gastown Complete Street Improvements;1850000.0;0.0;1850000.0;750000.0;0.0;0.0;0.0;0.0
Transportation and Street Use;Expand Sustainable Transportation Capacity;Complete Streets;Georgia Gateway West Complete Street Improvements;450000.0;1050000.0;1500000.0;1350000.0;0.0;0.0;0.0;0.0
Transportation and Street Use;Street Use;Public Space Projects;Vancouver Art Gallery Plaza Extension to Hornby Block 51;2056000.0;0.0;2056000.0;632872.0;0.0;0.0;0.0;0.0
Transportation and Street Use;Street Use;Public Toilet Facilities;Comfort Station Renewal;100000.0;1100000.0;1200000.0;1200000.0;0.0;0.0;0.0;0.0
One Water;Potable Water;Water Network;2019-2022 Aging Hydrant Replacement;824160.0;400000.0;1224160.0;400000.0;0.0;0.0;0.0;0.0
One Water;Potable Water;Water Network;2019-2022 Growth Related Utility Upgrades - Waterworks;5759000.0;0.0;5759000.0;1100000.0;723729.0;0.0;0.0;0.0
One Water;Potable Water;Water Network;2019-2022 Pressure Relief Valve Replacement/Refurbishment;1090400.0;0.0;1090400.0;1040400.0;0.0;0.0;0.0;0.0
One Water;Potable Water;Water Network;2019-2022 Water Pressure and Loss Management;354000.0;0.0;354000.0;103483.0;0.0;0.0;0.0;0.0
One Water;Potable Water;Connections & Meters**;2015-2018 New Water Meters;220000.0;0.0;220000.0;28207.0;0.0;0.0;0.0;0.0
One Water;Potable Water;Water Planning;2019-2022 Engineering and Site Investigation;931000.0;500000.0;1431000.0;500000.0;0.0;0.0;0.0;0.0
One Water;Sewerage & Drainage;Sewer Network;2019-2022 Forcemain Rehabilitation/Renewal;1274415.0;1667345.0;2941760.0;1337201.0;1350000.0;0.0;0.0;0.0
One Water;Sewerage & Drainage;Sewer Network;2019-2022 Sewer Main Reconstruction;33175443.0;36000000.0;69175443.0;39074529.0;0.0;0.0;0.0;0.0
One Water;Sewerage & Drainage;Sewer Network;Still Creek Enhancemnt Conceptual Design;110000.0;0.0;110000.0;79959.0;0.0;0.0;0.0;0.0
One Water;Sewerage & Drainage;Connections**;2019-2022 Sewer Commercial Connections;2000000.0;2000000.0;4000000.0;1234731.0;1200000.0;300000.0;0.0;0.0
One Water;Sewerage & Drainage;Sewer Monitoring & Inspections;2019-2022 Investigation for Design;1465576.0;1000000.0;2465576.0;1025480.0;0.0;0.0;0.0;0.0
One Water;Sewerage & Drainage;Flood Management & Shoreline Protection;2019-2022 Flood Management - Drainage Studies/Outfalls;2210000.0;0.0;2210000.0;900000.0;487426.0;0.0;0.0;0.0
One Water;Green Infrastructure;Water Quality Monitoring;2019-2022 Green Infrastructure Monitoring Program;0.0;61155.0;61155.0;61155.0;0.0;0.0;0.0;0.0
Solid Waste;Disposal;Landfill Non-closure;2019-2022 Vancouver Landfill Hydrogeological Monitoring;850000.0;0.0;850000.0;558000.0;0.0;0.0;0.0;0.0
Solid Waste;Disposal;Landfill Non-closure;Litter/Streetscape Recycling Enclosures;2000000.0;0.0;2000000.0;505815.0;0.0;0.0;0.0;0.0
Solid Waste;Disposal;Landfill Non-closure;Vancouver Landfill Storm Water Management Planning;1330000.0;0.0;1330000.0;379141.0;0.0;0.0;0.0;0.0
Solid Waste;Disposal;Landfill Closure;2019-2022 Vancouver Landfill Closure Maintenance;1000000.0;2751907.0;3751907.0;2369897.0;451907.0;0.0;0.0;0.0
Solid Waste;Sanitation;Collections & Street Cleaning;Sanitation Operations Management System (SOMS) and Business intelligence;250000.0;0.0;250000.0;50000.0;0.0;0.0;0.0;0.0
Renewable Energy;SEFC NEU;Distribution;Renewable Energy Supply Strategy;200000.0;0.0;200000.0;180000.0;0.0;0.0;0.0;0.0
Renewable Energy;EV Infrastructure;EV Infrastructure;Electrical Vehicle Infrastructure;3000000.0;0.0;3000000.0;900000.0;0.0;0.0;0.0;0.0
Technology;Technology;Technology;2019-2022 AMANDA Upgrade;40000.0;40000.0;80000.0;40000.0;0.0;0.0;0.0;0.0
Technology;Technology;Technology;2019-2022 Application Renewal Program;250000.0;205000.0;455000.0;350000.0;0.0;0.0;0.0;0.0
Technology;Technology;Technology;2019-2022 Client Hardware Refresh Program;0.0;3230000.0;3230000.0;3230000.0;0.0;0.0;0.0;0.0
Technology;Technology;Technology;2019-2022 Digital Infrastructure & Assets;1393507.0;315000.0;1708507.0;515000.0;0.0;0.0;0.0;0.0
Technology;Technology;Technology;2019-2022 GIS Strategic Roadmap Implementation;0.0;678000.0;678000.0;678000.0;0.0;0.0;0.0;0.0
Technology;Technology;Technology;2019-2022 IT Infrastructure Maintenance, Upgrades & Expansion - Vancouver Public Library;0.0;680000.0;680000.0;680000.0;0.0;0.0;0.0;0.0
Technology;Technology;Technology;2019-2022 Lagan Upgrade;1062000.0;577000.0;1639000.0;855000.0;0.0;0.0;0.0;0.0
Technology;Technology;Technology;2019-2022 SAP Upgrades/Enhancements;460000.0;290000.0;750000.0;290000.0;0.0;0.0;0.0;0.0
Technology;Technology;Technology;2019-2022 Technology Services Capital Overhead;1470000.0;765000.0;2235000.0;765000.0;0.0;0.0;0.0;0.0
Technology;Technology;Technology;2019-2022 Tempest Upgrades & DB/Server;618200.0;266000.0;884200.0;422725.0;0.0;0.0;0.0;0.0
Technology;Technology;Technology;Content Management System (CMS) Replacement;100000.0;900000.0;1000000.0;925000.0;0.0;0.0;0.0;0.0
Technology;Technology;Technology;Data Centre Modernization;2984000.0;4600000.0;7584000.0;4600000.0;0.0;0.0;0.0;0.0
Overhead;Overhead;Overhead;2019-2022 City-Wide Overhead - Capital Administration;4930500.0;2500000.0;7430500.0;2500000.0;0.0;0.0;0.0;0.0
Overhead;Overhead;Overhead;2019-2022 City-Wide Overhead - Communications;775000.0;385600.0;1160600.0;385600.0;0.0;0.0;0.0;0.0
Affordable Housing;Supportive Housing;Temporary Modular Housing;Temporary Modular Housing - Site Preparation Costs;4009500.0;0.0;4009500.0;2054273.0;0.0;0.0;0.0;0.0
Affordable Housing;Supportive Housing;Temporary Modular Housing;Permanent Modular Housing;1500000.0;0.0;1500000.0;1350000.0;0.0;0.0;0.0;0.0
Affordable Housing;Non-Market Rental (Social Housing & Other);City-Owned & Partner-Operated;Redevelopment of Roddan Lodge & Evelyne Saller Center;56900000.0;0.0;56900000.0;13898635.0;0.0;0.0;0.0;0.0
Affordable Housing;Non-Market Rental (Social Housing & Other);Non-City Housing On City-Owned Land;2019-2022 Housing Land Acquisition;48775000.0;15000000.0;63775000.0;37217648.0;22217648.0;0.0;0.0;0.0
Affordable Housing;Non-Market Rental (Social Housing & Other);Non-City Housing On City-Owned Land;Land Preparation Costs - Vancouver Affordable Houing Agency;1500000.0;0.0;1500000.0;1404920.0;0.0;0.0;0.0;0.0
Affordable Housing;Non-Market Rental (Social Housing & Other);Non-City Housing On City-Owned Land;Non-Market Housing Building Rehabilitation (Dec 2018);150000.0;0.0;150000.0;100000.0;0.0;0.0;0.0;0.0
Affordable Housing;Non-Market Rental (Social Housing & Other);Non-City Housing On City-Owned Land;Payment for Affordable Housing (Stainsbury);4875000.0;0.0;4875000.0;4875000.0;0.0;0.0;0.0;0.0
Affordable Housing;Non-Market Rental (Social Housing & Other);Non-City Housing On City-Owned Land;Remediation - Land Acquisition (May 2016);330000.0;0.0;330000.0;330000.0;0.0;0.0;0.0;0.0
Affordable Housing;Non-Market Rental (Social Housing & Other);Non-City Housing On City-Owned Land;Vancouver Affordable Housing Agency Prelim Funding;11844698.0;0.0;11844698.0;890441.0;0.0;0.0;0.0;0.0
Affordable Housing;Non-Market Rental (Social Housing & Other);Non-City Housing On Non-City Land;2019-2022 Community Housing Incentive Program;25000000.0;0.0;25000000.0;12335000.0;12335000.0;0.0;0.0;0.0
Affordable Housing;Non-Market Rental (Social Housing & Other);Non-City Housing On Non-City Land;Capital Contribution - Jubilee Rooms;200000.0;0.0;200000.0;200000.0;0.0;0.0;0.0;0.0
Affordable Housing;Non-Market Rental (Social Housing & Other);Purpose built rental & other;Grants for Rental Protection & Relocation;375000.0;1075000.0;1450000.0;1280000.0;0.0;0.0;0.0;0.0
Childcare;Infant, Toddler & Preschool (0-4 Years Old);City-Owned;2019-2022 Capital Maintenance - Childcare;273000.0;20000.0;293000.0;155390.0;0.0;0.0;0.0;0.0
Childcare;Infant, Toddler & Preschool (0-4 Years Old);City-Owned;New Childcare at Marpole-Oakridge - Design;400000.0;0.0;400000.0;360000.0;0.0;0.0;0.0;0.0
Childcare;Infant, Toddler & Preschool (0-4 Years Old);City-Owned;Vancouver School Board / City Childcare Partnership Project (July 2019);12700000.0;0.0;12700000.0;4200000.0;5610000.0;2800000.0;0.0;0.0
Childcare;Infant, Toddler & Preschool (0-4 Years Old);City-Owned;Vancouver School Board / City Childcare Partnership Project (March 2019);7000000.0;0.0;7000000.0;4600905.0;0.0;0.0;0.0;0.0
Parks and Open Spaces;Park Land;Park Land;2019-2022 Park Land Acquisition;21140000.0;28860000.0;50000000.0;48148431.0;0.0;0.0;0.0;0.0
Parks and Open Spaces;Park Land;Park Land;Deconstruction & Greening - Park Land Acquisition Jan 2016;125000.0;0.0;125000.0;34244.0;0.0;0.0;0.0;0.0
Parks and Open Spaces;Park Land;Park Land;Deconstruction & Greening - Park Land Acquisition July 2019;1200000.0;0.0;1200000.0;1144430.0;0.0;0.0;0.0;0.0
Parks and Open Spaces;Park Land;Park Land;Deconstruction & Greening - Park Land Acquisition September 2016;100000.0;0.0;100000.0;100000.0;0.0;0.0;0.0;0.0
Parks and Open Spaces;Park Amenities;Park Development;Barclay Square Park Renewal - Design;150000.0;150000.0;300000.0;300000.0;0.0;0.0;0.0;0.0
Parks and Open Spaces;Park Amenities;Park Development;Burrard Slopes - New Park Planning and Design;1150000.0;250000.0;1400000.0;1238478.0;0.0;0.0;0.0;0.0
Parks and Open Spaces;Park Amenities;Park Development;Oak Park Master Plan;400000.0;250000.0;650000.0;625000.0;0.0;0.0;0.0;0.0
Parks and Open Spaces;Park Amenities;Park Development;Renewal - Quilchena Park/Riverside Park;200000.0;0.0;200000.0;199215.0;0.0;0.0;0.0;0.0
Parks and Open Spaces;Park Amenities;Park Development;Renewal of Jonathan Rogers Park;350000.0;0.0;350000.0;350000.0;0.0;0.0;0.0;0.0
Parks and Open Spaces;Park Amenities;Park Development;Smithe & Richards Park;16000000.0;0.0;16000000.0;3502224.0;0.0;0.0;0.0;0.0
Parks and Open Spaces;Park Amenities;Park Development;Mount Pleasant - New Park Planning and Design;275000.0;1725000.0;2000000.0;2000000.0;0.0;0.0;0.0;0.0
Parks and Open Spaces;Park Amenities;Park Development;West End Park Redevelopment;3500000.0;0.0;3500000.0;642719.0;2500000.0;0.0;0.0;0.0
Parks and Open Spaces;Park Amenities;Other;Dog Parks;1000000.0;0.0;1000000.0;10000.0;0.0;0.0;0.0;0.0
Parks and Open Spaces;Park Amenities;Planning & Overhead;2019-2022 Parks and Recreation Studies;2025000.0;350000.0;2375000.0;1200602.0;175000.0;0.0;0.0;0.0
Parks and Open Spaces;Programmed Activity Areas;Fields;2015-2018 Major Playfield Renewal;1380000.0;0.0;1380000.0;124922.0;0.0;0.0;0.0;0.0
Parks and Open Spaces;Programmed Activity Areas;Fields;2019-2022 Golf Course Improvements;500000.0;0.0;500000.0;10000.0;0.0;0.0;0.0;0.0
Parks and Open Spaces;Programmed Activity Areas;Fields;2019-2022 Grass Field Renewals;2100000.0;0.0;2100000.0;1500000.0;0.0;0.0;0.0;0.0
Parks and Open Spaces;Programmed Activity Areas;Fields;Cemetery - Perimeter Entry & Wayfinding;350000.0;0.0;350000.0;266080.0;0.0;0.0;0.0;0.0
Parks and Open Spaces;Programmed Activity Areas;Fields;New Synthetic Turf Field;2400000.0;100000.0;2500000.0;808078.0;1600000.0;0.0;0.0;0.0
Parks and Open Spaces;Programmed Activity Areas;Fields;Renewals and Upgrades of Filed Lightings;0.0;100000.0;100000.0;100000.0;0.0;0.0;0.0;0.0
Parks and Open Spaces;Programmed Activity Areas;Tracks;Competitive Track and Field Training Facility;500000.0;2000000.0;2500000.0;1500000.0;1000000.0;0.0;0.0;0.0
Parks and Open Spaces;Programmed Activity Areas;Tracks;New Track and Field;575000.0;0.0;575000.0;336131.0;0.0;0.0;0.0;0.0
Parks and Open Spaces;Seawall & Waterfront;Seawall;2019-2022 Shoreline Maintenance;200000.0;0.0;200000.0;190000.0;0.0;0.0;0.0;0.0
Parks and Open Spaces;Urban Forest & Natural Features;Trees;2019-2022 Park and Street Trees;5322000.0;1000000.0;6322000.0;2953825.0;0.0;0.0;0.0;0.0
Parks and Open Spaces;Urban Forest & Natural Features;Trees;Urban Forest Tree Inventory;300000.0;0.0;300000.0;191050.0;0.0;0.0;0.0;0.0
Parks and Open Spaces;General Features & Infrastructures;Pedestrian Access;Pathway Improvements;375000.0;0.0;375000.0;10000.0;0.0;0.0;0.0;0.0
Parks and Open Spaces;General Features & Infrastructures;Park Infrastructure;2019-2022 Park Drainage Systems;250000.0;0.0;250000.0;200000.0;0.0;0.0;0.0;0.0
Parks and Open Spaces;General Features & Infrastructures;Other Features;2019-2022 Irrigation Systems & Water Conservation;1100000.0;200000.0;1300000.0;545079.0;0.0;0.0;0.0;0.0
Parks and Open Spaces;Park Buildings;Park Buildings;2019-2022 Capital Maintenance - Park Buildings;538000.0;1800000.0;2338000.0;1603547.0;300000.0;0.0;0.0;0.0
Parks and Open Spaces;Park Buildings;Park Buildings;Washrooms & Fieldhouses Renewal;1000000.0;4000000.0;5000000.0;1600000.0;2786488.0;500000.0;0.0;0.0
Arts and Culture;Cultural Facilities;City-Owned;2019-2022 Renovations - Cultural Facilities;550000.0;275000.0;825000.0;730000.0;75000.0;0.0;0.0;0.0
Arts and Culture;Cultural Facilities;City-Owned;Audio/Video Equipment Upgrade - Queen Elizabeth Theater;350000.0;0.0;350000.0;44744.0;0.0;0.0;0.0;0.0
Arts and Culture;Cultural Facilities;City-Owned;Orpheum Theatre - Digital Bar Signs;85000.0;0.0;85000.0;85000.0;0.0;0.0;0.0;0.0
Arts and Culture;Cultural Facilities;City-Owned;Pacific National Exihibition (PNE) Garden Auditorium Re-Roof;2042408.0;0.0;2042408.0;67430.0;0.0;0.0;0.0;0.0
Arts and Culture;Cultural Facilities;City-Owned;Queen Elizabeth Theatre - Office Renovations;125000.0;0.0;125000.0;125000.0;0.0;0.0;0.0;0.0
Arts and Culture;Cultural Facilities;City-Owned;Vancouver Civic Theatres - Electronic Booking System;85000.0;0.0;85000.0;85000.0;0.0;0.0;0.0;0.0
Arts and Culture;Cultural Facilities;City-Owned;Vancouver Civic Theatres - Theatre Lighting Upgrades;200000.0;0.0;200000.0;127573.0;0.0;0.0;0.0;0.0
Arts and Culture;Cultural Facilities;Non-City Owned;Grant - Satellite Video Exchange VIVO & C-Space (Rize);2300000.0;0.0;2300000.0;2200000.0;0.0;0.0;0.0;0.0
Arts and Culture;Entertainment & Exhibition Facilities;Entertainment & Exhibition Facilities;2019-2022 Capital Maintenance - Entertainment and Exhibition Facilities;1887000.0;150000.0;2037000.0;1787616.0;0.0;0.0;0.0;0.0
Arts and Culture;Entertainment & Exhibition Facilities;Entertainment & Exhibition Facilities;2019-2022 Renovations - Entertainment & Exhibition;63000.0;187000.0;250000.0;240000.0;0.0;0.0;0.0;0.0
Arts and Culture;Entertainment & Exhibition Facilities;Entertainment & Exhibition Facilities;Coliseum Ice Plant Risk Assessed Certifications;150000.0;0.0;150000.0;81162.0;0.0;0.0;0.0;0.0
Arts and Culture;Entertainment & Exhibition Facilities;Entertainment & Exhibition Facilities;Hastings Park-Pacific National Exhibition Master Plan: Infrastructure Implementation;4350000.0;1300000.0;5650000.0;4592241.0;900000.0;0.0;0.0;0.0
Arts and Culture;Public Art;Public Art;2015-2018 Public Art Boost - Capital;1000000.0;0.0;1000000.0;27614.0;0.0;0.0;0.0;0.0
Arts and Culture;Public Art;Public Art;Public Art - Centennial Pole Restoration;500000.0;0.0;500000.0;51898.0;0.0;0.0;0.0;0.0
Arts and Culture;Heritage;Heritage;2019-2022 Heritage Incentive Program Grants;13750000.0;0.0;13750000.0;8000000.0;5750000.0;0.0;0.0;0.0
Arts and Culture;Heritage;Heritage;Chinatown Memorial Square Redesign;200000.0;800000.0;1000000.0;888020.0;46000.0;0.0;0.0;0.0
Community Facilities;Libraries & Archives;Libraries;2019-2022 Capital Maintenance - Library Facilities;4253500.0;830000.0;5083500.0;2977839.0;472487.0;0.0;0.0;0.0
Community Facilities;Libraries & Archives;Libraries;Central Library Level 8 and 9 Expansion;18853500.0;0.0;18853500.0;310144.0;0.0;0.0;0.0;0.0
Community Facilities;Libraries & Archives;Archives;Archives Accomodation at Vanier Park;3951000.0;0.0;3951000.0;750000.0;250000.0;250000.0;250000.0;205794.0
Community Facilities;Libraries & Archives;Archives;Archives Relocation to Central Library;2000000.0;0.0;2000000.0;1056307.0;0.0;0.0;0.0;0.0
Community Facilities;Recreational Facilities;Community Centres, Rinks & Pools;Britannia Community Center Redevelopment Phase 1;20000000.0;0.0;20000000.0;3500000.0;3800000.0;4000000.0;4000000.0;4020922.0
Community Facilities;Recreational Facilities;Community Centres, Rinks & Pools;Marpole Community Center Redevelopment Planning;2000000.0;0.0;2000000.0;800000.0;1009674.0;0.0;0.0;0.0
Community Facilities;Recreational Facilities;Community Centres, Rinks & Pools;Auquatics Study including Outdoor Pool;325000.0;0.0;325000.0;12469.0;0.0;0.0;0.0;0.0
Community Facilities;Recreational Facilities;Programs;2015-2018 Energy Optimization Program;675076.0;0.0;675076.0;104682.0;0.0;0.0;0.0;0.0
Community Facilities;Recreational Facilities;Programs;2019-2022 Renovations - Recreation Facilities;2525000.0;0.0;2525000.0;1030000.0;1250000.0;210000.0;0.0;0.0
Community Facilities;Social Facilities;City-Owned;2015-2018 Renovations & Furniture, Fixtures & Equipments for Social Facilities;304158.0;0.0;304158.0;54162.0;0.0;0.0;0.0;0.0
Community Facilities;Social Facilities;City-Owned;Indigenous Healing and Wellness Center Tenant Improvements;711000.0;0.0;711000.0;350000.0;361000.0;0.0;0.0;0.0
Community Facilities;Social Facilities;Non-City;2012-2014 Social Infrastructure Grants;223117.0;0.0;223117.0;14665.0;0.0;0.0;0.0;0.0
Community Facilities;Social Facilities;Non-City;2015-2018 Façade Rehabilitation Grants;300000.0;0.0;300000.0;250000.0;0.0;0.0;0.0;0.0
Community Facilities;Social Facilities;Non-City;2015-2018 Social Policy Small Capital Grants;415000.0;0.0;415000.0;168865.0;0.0;0.0;0.0;0.0
Community Facilities;Social Facilities;Non-City;Grant - 411 Seniors Centre Society;800000.0;0.0;800000.0;800000.0;0.0;0.0;0.0;0.0
Community Facilities;Social Facilities;Non-City;Grant - Atira (420 Hawks Amenity Space);100000.0;0.0;100000.0;100000.0;0.0;0.0;0.0;0.0
Public Safety;Fire & Rescue;Fire Halls;2019-2022 Capital Maintenance - Fire Halls;1901000.0;90000.0;1991000.0;1427070.0;0.0;0.0;0.0;0.0
Public Safety;Fire & Rescue;Fire Halls;2019-2022 Fire Hall Renewal - Planning;500000.0;0.0;500000.0;476935.0;0.0;0.0;0.0;0.0
Public Safety;Fire & Rescue;Fire Halls;Renewal and Expansion of Grandview Fire Hall - Planning and Design;7500000.0;0.0;7500000.0;2000000.0;4000000.0;1000000.0;500000.0;0.0
Public Safety;Fire & Rescue;Fire Trucks;2019-2022 Renewal of Vancouver Fire & Rescue Services Vehicles & Equipment;8214734.0;1300000.0;9514734.0;800000.0;7100000.0;0.0;0.0;0.0
Public Safety;Police;Police Facilities;2019-2022 Police Facilities Renovation;460000.0;0.0;460000.0;263164.0;0.0;0.0;0.0;0.0
Public Safety;Animal Control;Animal Control;2019-2022 Renovations - Animal Control;0.0;25000.0;25000.0;25000.0;0.0;0.0;0.0;0.0
Public Safety;Animal Control;Animal Control;Animal Shelter Planning/Design 2011;156947.0;0.0;156947.0;139605.0;0.0;0.0;0.0;0.0
Civic Facilities and Equipment;Administrative Facilities;City-Owned;2015-2018 City-wide Fire Safety Program;500000.0;0.0;500000.0;219741.0;0.0;0.0;0.0;0.0
Civic Facilities and Equipment;Administrative Facilities;City-Owned;2015-2018 Environmental Program;225000.0;0.0;225000.0;54488.0;0.0;0.0;0.0;0.0
Civic Facilities and Equipment;Administrative Facilities;City-Owned;2019-2022 Capital Maintenance - Administrative Facilities;2070000.0;640000.0;2710000.0;1977215.0;240000.0;0.0;0.0;0.0
Civic Facilities and Equipment;Administrative Facilities;City-Owned;Office Workspace Expansion (Sep 2018);7100000.0;0.0;7100000.0;5000000.0;1849857.0;0.0;0.0;0.0
Civic Facilities and Equipment;Sevice Yards, Vehicles & Equipment;Service Yards;2015-2018 Service Yards Planning;320000.0;0.0;320000.0;33273.0;0.0;0.0;0.0;0.0
Civic Facilities and Equipment;Sevice Yards, Vehicles & Equipment;Service Yards;2019-2022 Capital Maintenance - Service Yards;945000.0;1060000.0;2005000.0;1135739.0;460000.0;0.0;0.0;0.0
Civic Facilities and Equipment;Sevice Yards, Vehicles & Equipment;Service Yards;Manitoba Yard Fuel Tank Replacement;800000.0;0.0;800000.0;480485.0;0.0;0.0;0.0;0.0
Civic Facilities and Equipment;Sevice Yards, Vehicles & Equipment;Vehicles & Equipment;2015-2018 Vehicles & Equipment Replcement/Addition;60534952.0;0.0;60534952.0;1500000.0;0.0;0.0;0.0;0.0
Civic Facilities and Equipment;Sevice Yards, Vehicles & Equipment;Vehicles & Equipment;2019-2022 Renewal of Parks Vehicles & Equipment;4741097.0;3000000.0;7741097.0;1400000.0;2700000.0;0.0;0.0;0.0
Civic Facilities and Equipment;All City Facilities;All City Facilities;2019-2022 Accessibility Program;795000.0;1000000.0;1795000.0;1206535.0;500000.0;0.0;0.0;0.0
Civic Facilities and Equipment;All City Facilities;All City Facilities;2019-2022 Energy Optimization Program;4341000.0;1194000.0;5535000.0;3194000.0;799169.0;0.0;0.0;0.0
Civic Facilities and Equipment;All City Facilities;All City Facilities;2019-2022 Ergonomic Furniture Program;250000.0;250000.0;500000.0;260069.0;0.0;0.0;0.0;0.0
Civic Facilities and Equipment;All City Facilities;All City Facilities;2019-2022 Facilities Condition Assessments;0.0;700000.0;700000.0;700000.0;0.0;0.0;0.0;0.0
Civic Facilities and Equipment;All City Facilities;All City Facilities;2019-2022 Planning & Research - Cultural Facilities;750000.0;250000.0;1000000.0;815879.0;75000.0;0.0;0.0;0.0
Civic Facilities and Equipment;All City Facilities;All City Facilities;2019-2022 Planning & Research - Fire Halls;25000.0;0.0;25000.0;20000.0;0.0;0.0;0.0;0.0
Civic Facilities and Equipment;All City Facilities;All City Facilities;2019-2022 Real Estate Studies (RES);125000.0;125000.0;250000.0;190225.0;25000.0;0.0;0.0;0.0
Transportation and Street Use;Managing The Transportation Network;Planning & Monitoring;2019-2022 Transportation Monitoring and ITS (Intelligence Transportation Systems) Replacement;300000.0;250000.0;550000.0;250000.0;0.0;0.0;0.0;0.0
Transportation and Street Use;Managing The Transportation Network;Safety Improvements;2019-2022 Lanes Local Improvements;1394706.0;0.0;1394706.0;700000.0;0.0;0.0;0.0;0.0
Transportation and Street Use;Managing The Transportation Network;Congestion Management;2019-2022 Arterial Improvement, Congestion & Transit Reliability;1750000.0;1000000.0;2750000.0;1000000.0;0.0;0.0;0.0;0.0
Transportation and Street Use;Managing The Transportation Network;Structure Management;2019-2022 Dock Replacement;1544119.0;200000.0;1744119.0;200000.0;0.0;0.0;0.0;0.0
Transportation and Street Use;Managing The Transportation Network;Structure Management;2019-2022 H-Frame Replacement;3450000.0;450000.0;3900000.0;450000.0;0.0;0.0;0.0;0.0
Transportation and Street Use;Managing The Transportation Network;Structure Management;2019-2022 Major Bridge Maintenance;2100479.0;915950.0;3016429.0;915950.0;0.0;0.0;0.0;0.0
Transportation and Street Use;Managing The Transportation Network;Structure Management;2019-2022 Major Bridges - Coating;1000000.0;3100000.0;4100000.0;350000.0;3750000.0;0.0;0.0;0.0
Transportation and Street Use;Managing The Transportation Network;Structure Management;Cambie Bridge Seismic Upgrades and Deck Rehabilitation;0.0;4000000.0;4000000.0;3000000.0;1000000.0;0.0;0.0;0.0
Transportation and Street Use;Managing The Transportation Network;Structure Management;Granville Bridge Upgrade - Seismic;11000000.0;0.0;11000000.0;1500000.0;0.0;0.0;0.0;0.0
Transportation and Street Use;Managing The Transportation Network;Surface Management;2019-2022 Rehabilitation of Major Roads - City;2400000.0;3250000.0;5650000.0;3250000.0;0.0;0.0;0.0;0.0
Transportation and Street Use;Managing The Transportation Network;Surface Management;2019-2022 Sidewalk Rehabilitation;1430000.0;800000.0;2230000.0;1600000.0;0.0;0.0;0.0;0.0
Transportation and Street Use;Managing The Transportation Network;Surface Management;Viaducts Removal/Northeast False Creek Redevelopment;38977084.0;0.0;38977084.0;4500000.0;0.0;0.0;0.0;0.0
Transportation and Street Use;Managing The Transportation Network;Street Lighting Management;2019-2022 Street Light Fixtures – Decorative/Pedestrian;1400000.0;200000.0;1600000.0;200000.0;0.0;0.0;0.0;0.0
Transportation and Street Use;Managing The Transportation Network;Street Lighting Management;City Wide Street Lighting LED Replacement;3000000.0;4000000.0;7000000.0;6500000.0;0.0;0.0;0.0;0.0
Transportation and Street Use;Managing The Transportation Network;Signal Management;2019-2022 Pedestrian & Bike Signal Rehabilitation;1781780.0;945000.0;2726780.0;945000.0;0.0;0.0;0.0;0.0
Transportation and Street Use;Managing The Transportation Network;Signal Management;2019-2022 Signal Communication Rehabilitation;750000.0;500000.0;1250000.0;500000.0;0.0;0.0;0.0;0.0
Transportation and Street Use;Managing The Transportation Network;Signal Management;2019-2022 Traffic Signal Rehabilitation;4413636.0;2755000.0;7168636.0;2755000.0;0.0;0.0;0.0;0.0
Transportation and Street Use;Managing The Transportation Network;Rail Corridor;2019-2022 At-Grade Rail Crossing Upgrades;2500000.0;475000.0;2975000.0;2275000.0;0.0;0.0;0.0;0.0
Transportation and Street Use;Expand Sustainable Transportation Capacity;Active Transportation;2019-2022 Active Transportation Corridors & Spot Improvements;4393000.0;50000.0;4443000.0;2450000.0;0.0;0.0;0.0;0.0
Transportation and Street Use;Expand Sustainable Transportation Capacity;Active Transportation;2019-2022 Active Transportation Design Staffing;2000000.0;1000000.0;3000000.0;1000000.0;0.0;0.0;0.0;0.0
Transportation and Street Use;Expand Sustainable Transportation Capacity;Active Transportation;2019-2022 New Sidewalks;3859391.0;1750000.0;5609391.0;3050000.0;2000000.0;0.0;0.0;0.0
Transportation and Street Use;Expand Sustainable Transportation Capacity;Active Transportation;Granville Bridge Greenways;3000000.0;11500000.0;14500000.0;1000000.0;11500000.0;0.0;0.0;0.0
Transportation and Street Use;Expand Sustainable Transportation Capacity;Climate Emergency Response;Climate Emergency Response - Transportation Initiatives;500000.0;2025000.0;2525000.0;2375000.0;0.0;0.0;0.0;0.0
Transportation and Street Use;Expand Sustainable Transportation Capacity;Complete Streets;Cambie Corridor Complete Street Improvements - King Edward to 37th;1000000.0;1800000.0;2800000.0;1800000.0;0.0;0.0;0.0;0.0
Transportation and Street Use;Expand Sustainable Transportation Capacity;Other Transit;2019-2022 Transit Related Improvements;6444760.0;245000.0;6689760.0;3145000.0;0.0;0.0;0.0;0.0
Transportation and Street Use;Street Use;Public Space Projects;Design for Robson & Alberni Street Improvements;2000000.0;3000000.0;5000000.0;3300000.0;0.0;0.0;0.0;0.0
One Water;Potable Water;Water Network;2019-2022 Dedicated Fire Protection System;512080.0;47818.0;559898.0;212001.0;0.0;0.0;0.0;0.0
One Water;Potable Water;Water Network;2019-2022 Distribution Main Replacement;14300000.0;18000000.0;32300000.0;19997702.0;2000000.0;0.0;0.0;0.0
One Water;Potable Water;Water Network;2019-2022 Water Quality Capital;206040.0;27636.0;233676.0;185001.0;0.0;0.0;0.0;0.0
One Water;Potable Water;Connections & Meters**;2015-2018 Water Commercial Connections;7283123.0;0.0;7283123.0;506603.0;0.0;0.0;0.0;0.0
One Water;Potable Water;Connections & Meters**;2019-2022 Aging Water Meter Replacement;1340280.0;849000.0;2189280.0;849000.0;0.0;0.0;0.0;0.0
One Water;Potable Water;Connections & Meters**;2019-2022 Aging Water Service Replacement;4532880.0;2070877.0;6603757.0;2500000.0;0.0;0.0;0.0;0.0
One Water;Potable Water;Connections & Meters**;2019-2022 New Water Meters;40000.0;270000.0;310000.0;270000.0;0.0;0.0;0.0;0.0
One Water;Potable Water;Connections & Meters**;2019-2022 Sewer & Water Combined Connections;0.0;250000.0;250000.0;250000.0;0.0;0.0;0.0;0.0
One Water;Potable Water;Strategic Initiatives;2019-2022 Emergency Preparedness (One Water);125000.0;0.0;125000.0;125000.0;0.0;0.0;0.0;0.0
One Water;Potable Water;Strategic Initiatives;Residential Water Metering Acceleration;1088000.0;5000000.0;6088000.0;2338000.0;3000000.0;0.0;0.0;0.0
One Water;Sewerage & Drainage;Sewer Network;2015-2018 Upgrades & Replace Pump Station;8432720.0;0.0;8432720.0;1049059.0;0.0;0.0;0.0;0.0
One Water;Sewerage & Drainage;Sewer Network;2019-2022 Catch Basin and Lead Renewals;1224000.0;637000.0;1861000.0;744201.0;0.0;0.0;0.0;0.0
One Water;Sewerage & Drainage;Sewer Network;2019-2022 Sewer Main & Manhole Rehabilitation;358000.0;0.0;358000.0;186000.0;33736.0;0.0;0.0;0.0
One Water;Sewerage & Drainage;Sewer Network;2019-2022 Sewer Separation on Private Property;3264000.0;957642.0;4221642.0;1382607.0;0.0;0.0;0.0;0.0
One Water;Sewerage & Drainage;Sewer Network;2019-2022 Upgrades & Replace Pump Station;17310625.0;0.0;17310625.0;4765000.0;9503000.0;130059.0;0.0;0.0
One Water;Sewerage & Drainage;Connections**;2019-2022 Sewer & Water Combined Connections;8500000.0;100000.0;8600000.0;2100000.0;2311612.0;0.0;0.0;0.0
One Water;Sewerage & Drainage;Sewer Monitoring & Inspections;2019-2022 Sewer TV Inspection;1133220.0;584000.0;1717220.0;595295.0;0.0;0.0;0.0;0.0
One Water;Green Infrastructure;GI Implementation;2019-2022 Green Infrastructure implementation - Public Realm;5742632.0;2756820.0;8499452.0;4192800.0;0.0;0.0;0.0;0.0
One Water;Green Infrastructure;GI Implementation;2019-2022 Green Infrastructure Asset Renewal;580000.0;105000.0;685000.0;685000.0;0.0;0.0;0.0;0.0
One Water;Green Infrastructure;GI Implementation;2019-2022 Growth-Related Utility Upgrades - Green Infrastructure;8331990.0;0.0;8331990.0;3647500.0;2052059.0;0.0;0.0;0.0
One Water;Green Infrastructure;Water Quality Monitoring;2019-2022 Water Quality Monitoring;331000.0;272000.0;603000.0;335145.0;0.0;0.0;0.0;0.0
One Water;Green Infrastructure;GI Planning;2019-2022 Green Infrastructure Planning;2257974.0;0.0;2257974.0;1799476.0;0.0;0.0;0.0;0.0
One Water;Green Infrastructure;GI Planning;2019-2022 Watershed Planning & Hydrogeology;364000.0;386000.0;750000.0;386000.0;0.0;0.0;0.0;0.0
Solid Waste;Disposal;Landfill Non-closure;Cart and Sanitation Services System;500000.0;0.0;500000.0;145206.0;0.0;0.0;0.0;0.0
Solid Waste;Disposal;Landfill Non-closure;Closed Landfills Monitoring Program;520000.0;0.0;520000.0;196231.0;0.0;0.0;0.0;0.0
Solid Waste;Disposal;Landfill Non-closure;Closed Landfills Remediation Program;480000.0;0.0;480000.0;353560.0;0.0;0.0;0.0;0.0
Solid Waste;Disposal;Landfill Non-closure;Landfill Entrance Renovations;2100000.0;0.0;2100000.0;1050609.0;0.0;0.0;0.0;0.0
Solid Waste;Disposal;Landfill Non-closure;Landfill Hydrogeological Review 2016;370000.0;0.0;370000.0;101807.0;0.0;0.0;0.0;0.0
Solid Waste;Disposal;Landfill Non-closure;Vancouver Landfill Closure - New Phase Preparation and High Traffic Improvements;800000.0;0.0;800000.0;523096.0;0.0;0.0;0.0;0.0
Solid Waste;Disposal;Landfill Non-closure;Zero Waste Strategy;500000.0;0.0;500000.0;168090.0;0.0;0.0;0.0;0.0
Solid Waste;Disposal;Landfill Closure;2019-2022 Landfill Phase 4 Closure;25172000.0;0.0;25172000.0;8600000.0;2894226.0;0.0;0.0;0.0
Solid Waste;Disposal;Vehicles & Equipment;2019-2022 Renewal of Disposal vehicles & equipment;14469763.0;0.0;14469763.0;1500000.0;8400000.0;0.0;0.0;0.0
Solid Waste;Sanitation;Collections & Street Cleaning;2019-2022 Renewal of Sanitation vehicles & equipment;10992000.0;800000.0;11792000.0;4200000.0;6500000.0;0.0;0.0;0.0
Solid Waste;Sanitation;Collections & Street Cleaning;Sanitation Camera Solutions - Pilot Program for Contamination Documentation;200000.0;0.0;200000.0;200000.0;0.0;0.0;0.0;0.0
Solid Waste;Zero Waste;Zero Waste;Zero Waste Efforts - Food Waste Prevention and Diversion;850000.0;0.0;850000.0;698000.0;0.0;0.0;0.0;0.0
Renewable Energy;SEFC NEU;Generation;2019-2022 Neighbourhood Energy Utility (NEU) - New Satellite Energy Generation;2123000.0;38515.0;2161515.0;100000.0;0.0;0.0;0.0;0.0
Renewable Energy;SEFC NEU;Distribution;Neighbourhood Energy Utility (NEU) Flood-Related Repairs/Upgrades;700000.0;0.0;700000.0;400000.0;0.0;0.0;0.0;0.0
Renewable Energy;SEFC NEU;Distribution;New Neighbourhood Energy Utility (NEU) Service Connections & Energy Transfer Station's;4146000.0;0.0;4146000.0;520000.0;1867980.0;0.0;0.0;0.0
Renewable Energy;SEFC NEU;Planning;Neighbourhood Energy Utility (NEU) System Planning;711000.0;600000.0;1311000.0;600000.0;0.0;0.0;0.0;0.0
Renewable Energy;EV Infrastructure;EV Infrastructure;Climate Emergency Response - Electric Vehicle Charging Station Deployment;0.0;500000.0;500000.0;500000.0;0.0;0.0;0.0;0.0
Renewable Energy;Building Retrofits;Building Retrofits;Deep Emission Building Retrofits Program;5600000.0;6000000.0;11600000.0;10063766.0;0.0;0.0;0.0;0.0
Technology;Technology;Technology;2019-2022 Asset Works (Fleet) Upgrades;30000.0;30000.0;60000.0;30000.0;0.0;0.0;0.0;0.0
Technology;Technology;Technology;2019-2022 Enterprise Search Strategy;100000.0;0.0;100000.0;70000.0;0.0;0.0;0.0;0.0
Technology;Technology;Technology;2019-2022 Geographic Information System (GIS) Strategic Roadmap Implementation;1795000.0;0.0;1795000.0;285000.0;0.0;0.0;0.0;0.0
Technology;Technology;Technology;2019-2022 IT Infrastructure Maintenance, Upgrades & Expansion - Vancouver Police Department;0.0;2500000.0;2500000.0;2500000.0;0.0;0.0;0.0;0.0
Technology;Technology;Technology;2019-2022 Parking Enforcement Upgrades;80000.0;0.0;80000.0;52000.0;0.0;0.0;0.0;0.0
Technology;Technology;Technology;2019-2022 POSSE Upgrade;1229477.0;0.0;1229477.0;677477.0;0.0;0.0;0.0;0.0
Technology;Technology;Technology;2019-2022 Technology Services Business Projects;9540000.0;5000000.0;14540000.0;8677513.0;0.0;0.0;0.0;0.0
Technology;Technology;Technology;2019-2022 Technology Services Capital Resource Pool;1352000.0;500000.0;1852000.0;500000.0;0.0;0.0;0.0;0.0
Technology;Technology;Technology;2019-2022 VanDocs Upgrades;41000.0;20000.0;61000.0;20000.0;0.0;0.0;0.0;0.0
Technology;Technology;Technology;Enterprise Service Management;1344000.0;722000.0;2066000.0;722000.0;0.0;0.0;0.0;0.0
Technology;Technology;Technology;Sharepoint Deployment;390000.0;11986.0;401986.0;22986.0;0.0;0.0;0.0;0.0
Overhead;Overhead;Overhead;2019-2022 City-Wide Overhead - Pacific National Exhibition Hastings Park;650000.0;190000.0;840000.0;190000.0;0.0;0.0;0.0;0.0
Overhead;Overhead;Overhead;2019-2022 Finance Project Management Office (PMO);1600000.0;800000.0;2400000.0;800000.0;0.0;0.0;0.0;0.0
